{
  "Profiles": [
    {
      "ASCII Anti Aliased": true,
      "ASCII Ligatures": true,
      "Ambiguous Double Width": false,
      "Ansi 0 Color": {
        "Alpha Component": 1,
        "Blue Component": 0.15294118225574493,
        "Color Space": "Calibrated",
        "Green Component": 0.12941177189350128,
        "Red Component": 0.11764705926179886
      },
      "Ansi 1 Color": {
        "Alpha Component": 1,
        "Blue Component": 0.4588235318660736,
        "Color Space": "Calibrated",
        "Green Component": 0.42352941632270813,
        "Red Component": 0.8784313797950745
      },
      "Ansi 10 Color": {
        "Alpha Component": 1,
        "Blue Component": 0.4745098054409027,
        "Color Space": "Calibrated",
        "Green Component": 0.7647058963775635,
        "Red Component": 0.5960784554481506
      },
      "Ansi 11 Color": {
        "Alpha Component": 1,
        "Blue Component": 0.4000000059604645,
        "Color Space": "Calibrated",
        "Green Component": 0.6039215922355652,
        "Red Component": 0.8196078538894653
      },
      "Ansi 12 Color": {
        "Alpha Component": 1,
        "Blue Component": 0.9372549057006836,
        "Color Space": "Calibrated",
        "Green Component": 0.686274528503418,
        "Red Component": 0.3803921639919281
      },
      "Ansi 13 Color": {
        "Alpha Component": 1,
        "Blue Component": 0.8666666746139526,
        "Color Space": "Calibrated",
        "Green Component": 0.47058823704719543,
        "Red Component": 0.7764706015586853
      },
      "Ansi 14 Color": {
        "Alpha Component": 1,
        "Blue Component": 0.7607843279838562,
        "Color Space": "Calibrated",
        "Green Component": 0.7137255072593689,
        "Red Component": 0.33725491166114807
      },
      "Ansi 15 Color": {
        "Alpha Component": 1,
        "Blue Component": 0.9999912977218628,
        "Color Space": "Calibrated",
        "Green Component": 0.9999743700027466,
        "Red Component": 1
      },
      "Ansi 2 Color": {
        "Alpha Component": 1,
        "Blue Component": 0.4745098054409027,
        "Color Space": "Calibrated",
        "Green Component": 0.7647058963775635,
        "Red Component": 0.5960784554481506
      },
      "Ansi 3 Color": {
        "Alpha Component": 1,
        "Blue Component": 0.4000000059604645,
        "Color Space": "Calibrated",
        "Green Component": 0.6039215922355652,
        "Red Component": 0.8196078538894653
      },
      "Ansi 4 Color": {
        "Alpha Component": 1,
        "Blue Component": 0.9372549057006836,
        "Color Space": "Calibrated",
        "Green Component": 0.686274528503418,
        "Red Component": 0.3803921639919281
      },
      "Ansi 5 Color": {
        "Alpha Component": 1,
        "Blue Component": 0.8666666746139526,
        "Color Space": "Calibrated",
        "Green Component": 0.47058823704719543,
        "Red Component": 0.7764706015586853
      },
      "Ansi 6 Color": {
        "Alpha Component": 1,
        "Blue Component": 0.7607843279838562,
        "Color Space": "Calibrated",
        "Green Component": 0.7137255072593689,
        "Red Component": 0.33725491166114807
      },
      "Ansi 7 Color": {
        "Alpha Component": 1,
        "Blue Component": 0.7490196228027344,
        "Color Space": "Calibrated",
        "Green Component": 0.6980392336845398,
        "Red Component": 0.6705882549285889
      },
      "Ansi 8 Color": {
        "Alpha Component": 1,
        "Blue Component": 0.43921568989753723,
        "Color Space": "Calibrated",
        "Green Component": 0.38823530077934265,
        "Red Component": 0.3607843220233917
      },
      "Ansi 9 Color": {
        "Alpha Component": 1,
        "Blue Component": 0.4588235318660736,
        "Color Space": "Calibrated",
        "Green Component": 0.42352941632270813,
        "Red Component": 0.8784313797950745
      },
      "BM Growl": true,
      "Background Color": {
        "Alpha Component": 1,
        "Blue Component": 0.15294118225574493,
        "Color Space": "Calibrated",
        "Green Component": 0.12941177189350128,
        "Red Component": 0.11764705926179886
      },
      "Background Image Location": "",
      "Badge Color": {
        "Alpha Component": 0.5,
        "Blue Component": 0,
        "Color Space": "Calibrated",
        "Green Component": 0,
        "Red Component": 1
      },
      "Blink Allowed": false,
      "Blinking Cursor": false,
      "Blur": false,
      "Bold Color": {
        "Alpha Component": 1,
        "Blue Component": 0.7490196228027344,
        "Color Space": "Calibrated",
        "Green Component": 0.6980392336845398,
        "Red Component": 0.6705882549285889
      },
      "Bound Hosts": [],
      "Character Encoding": 4,
      "Close Sessions On End": true,
      "Columns": 80,
      "Command": "",
      "Cursor Boost": 0,
      "Cursor Color": {
        "Alpha Component": 1,
        "Blue Component": 0.7333333492279053,
        "Color Space": "Calibrated",
        "Green Component": 0.7333333492279053,
        "Red Component": 0.7333333492279053
      },
      "Cursor Guide Color": {
        "Alpha Component": 0.25,
        "Blue Component": 1,
        "Color Space": "Calibrated",
        "Green Component": 0.9100000262260437,
        "Red Component": 0.6499999761581421
      },
      "Cursor Text Color": {
        "Alpha Component": 1,
        "Blue Component": 1,
        "Color Space": "Calibrated",
        "Green Component": 1,
        "Red Component": 1
      },
      "Cursor Type": 1,
      "Custom Command": "No",
      "Custom Directory": "No",
      "Default Bookmark": "No",
      "Description": "Default",
      "Disable Window Resizing": true,
      "Flashing Bell": false,
      "Foreground Color": {
        "Alpha Component": 1,
        "Blue Component": 0.7490196228027344,
        "Color Space": "Calibrated",
        "Green Component": 0.6980392336845398,
        "Red Component": 0.6705882549285889
      },
      "Guid": "382C82BD-43A8-4CF0-95F4-B75123F1F8DC",
      "Horizontal Spacing": 1,
      "Icon": 0,
      "Idle Code": 0,
      "Jobs to Ignore": [
        "rlogin",
        "ssh",
        "slogin",
        "telnet"
      ],
      "Keyboard Map": {
        "0x2d-0x40000": {
          "Action": 11,
          "Text": "0x1f"
        },
        "0x32-0x40000": {
          "Action": 11,
          "Text": "0x00"
        },
        "0x33-0x40000": {
          "Action": 11,
          "Text": "0x1b"
        },
        "0x34-0x40000": {
          "Action": 11,
          "Text": "0x1c"
        },
        "0x35-0x40000": {
          "Action": 11,
          "Text": "0x1d"
        },
        "0x36-0x40000": {
          "Action": 11,
          "Text": "0x1e"
        },
        "0x37-0x40000": {
          "Action": 11,
          "Text": "0x1f"
        },
        "0x38-0x40000": {
          "Action": 11,
          "Text": "0x7f"
        },
        "0xf700-0x220000": {
          "Action": 10,
          "Text": "[1;2A"
        },
        "0xf700-0x240000": {
          "Action": 10,
          "Text": "[1;5A"
        },
        "0xf700-0x260000": {
          "Action": 10,
          "Text": "[1;6A"
        },
        "0xf700-0x280000": {
          "Action": 11,
          "Text": "0x1b 0x1b 0x5b 0x41"
        },
        "0xf701-0x220000": {
          "Action": 10,
          "Text": "[1;2B"
        },
        "0xf701-0x240000": {
          "Action": 10,
          "Text": "[1;5B"
        },
        "0xf701-0x260000": {
          "Action": 10,
          "Text": "[1;6B"
        },
        "0xf701-0x280000": {
          "Action": 11,
          "Text": "0x1b 0x1b 0x5b 0x42"
        },
        "0xf702-0x220000": {
          "Action": 10,
          "Text": "[1;2D"
        },
        "0xf702-0x240000": {
          "Action": 10,
          "Text": "[1;5D"
        },
        "0xf702-0x260000": {
          "Action": 10,
          "Text": "[1;6D"
        },